[
  {
    "id": 1,
    "question": "Durch welche Methode kann man einer ArrayList ein Element hinzufuegen?",
    "difficulty": 1,
    "answers": [
      ".add()",
      ".addElement()",
      ".append()",
      ".increase()"
    ],
    "solution": 1,
    "category": {
      "text": "Anwendungsentwicklung"
    }
  },
  {
    "id": 2,
    "question": "Welche der folgenden Optionen erbt nicht von dem Interface List?",
    "difficulty": 2,
    "answers": [
      "LinkedList",
      "ArrayList",
      "Enum",
      "Stack"
    ],
    "solution": 3,
    "category": {
      "text": "Anwendungsentwicklung"
    }
  },
  {
    "id": 3,
    "question": "Was ist die korrekte Syntax um ein \"Hallo Welt\" auszugeben?",
    "difficulty": 1,
    "answers": [
      "Console.WriteLine(\"Hallo Welt\");",
      "print(\"Hallo Welt\");",
      "echo(\"Hallo Welt\");",
      "System.out.println(\"Hallo Welt\");"
    ],
    "solution": 4,
    "category": {
      "text": "Anwendungsentwicklung"
    }
  },
  {
    "id": 4,
    "question": "Welcher Datentyp wird benutzt, um eine Variable zu initialisieren, die einen String speichern soll?",
    "difficulty": 1,
    "answers": [
      "string",
      "String",
      "pString",
      "txt"
    ],
    "solution": 2,
    "category": {
      "text": "Anwendungsentwicklung"
    }
  },
  {
    "id": 5,
    "question": "Wie wird eine numerische Variable erstellt, die den Wert 10 speichern soll?",
    "difficulty": 2,
    "answers": [
      "float x \u003d 10;",
      "x \u003d 10;",
      "int x \u003d 10;",
      "num x \u003d 10;"
    ],
    "solution": 2,
    "category": {
      "text": "Anwendungsentwicklung"
    }
  },
  {
    "id": 6,
    "question": "Welche Methode kann benutzt werden, um die Laenge eines Strings zu ermitteln?",
    "difficulty": 2,
    "answers": [
      "getSize()",
      "length()",
      "strLength()",
      "len()"
    ],
    "solution": 2,
    "category": {
      "text": "Anwendungsentwicklung"
    }
  },
  {
    "id": 7,
    "question": "Mit welcher Methode kann einem Button eine Funktion gegeben werden?",
    "difficulty": 3,
    "answers": [
      ".initActionListener()",
      ".setActionListener()",
      ".addActionListener()",
      ".giveActionListener()"
    ],
    "solution": 3,
    "category": {
      "text": "Anwendungsentwicklung"
    }
  },
  {
    "id": 8,
    "question": "Mit welchem Operanten werden zwei Werte zusammengefuegt?",
    "difficulty": 2,
    "answers": [
      "Der \u0026 Wert",
      "Der + Wert",
      "Der * Wert",
      "Der $ Wert"
    ],
    "solution": 2,
    "category": {
      "text": "Anwendungsentwicklung"
    }
  },
  {
    "id": 9,
    "question": "Mit welchem Operatenen werden zwei Werte verglichen?",
    "difficulty": 1,
    "answers": [
      "\u003c\u003e",
      "\u003e\u003c",
      "\u003d\u003d",
      "\u003d"
    ],
    "solution": 3,
    "category": {
      "text": "Anwendungsentwicklung"
    }
  },
  {
    "id": 10,
    "question": "Welchen Namen hatte Java urspruenglich?",
    "difficulty": 4,
    "answers": [
      "JavaScript",
      "Oak",
      "Beech",
      "Fir"
    ],
    "solution": 2,
    "category": {
      "text": "Anwendungsentwicklung"
    }
  },
  {
    "id": 11,
    "question": "Welche Schicht gehoert nicht zum OSI Modell?",
    "difficulty": 2,
    "answers": [
      "Anwendungsschicht",
      "Transportschicht",
      "Byteuebertragungsschicht",
      "Sitzungsschicht"
    ],
    "solution": 3,
    "category": {
      "text": "IT-Systeme"
    }
  },
  {
    "id": 12,
    "question": "Wofuer steht TCP?",
    "difficulty": 2,
    "answers": [
      "Transport Control Protocol",
      "Transmission Control Protocol",
      "Transport Control Principle",
      "Transmission Control Principle"
    ],
    "solution": 2,
    "category": {
      "text": "IT-Systeme"
    }
  },
  {
    "id": 13,
    "question": "Welche Adressart wird verwendet, um eine Nachricht an alle Geraete zu schicken?",
    "difficulty": 1,
    "answers": [
      "Multicast",
      "Anycast",
      "Broadcast",
      "Unicast"
    ],
    "solution": 3,
    "category": {
      "text": "IT-Systeme"
    }
  },
  {
    "id": 14,
    "question": "Die Dezimalzahl 100, kann binaer wie dargestellt werden?",
    "difficulty": 3,
    "answers": [
      "1101111",
      "1100100",
      "101",
      "100"
    ],
    "solution": 2,
    "category": {
      "text": "IT-Systeme"
    }
  },
  {
    "id": 15,
    "question": "Welche uebertragungsmethode gewaehrleisten Kupferkabel?",
    "difficulty": 4,
    "answers": [
      "Daten werden in elektrische Impulse umgewandelt",
      "Daten werden als Lichtimpulse uebertragen",
      "Daten werden durch elektromagnetische Wellen uebertragen",
      "Daten werden gar nicht uebertragen"
    ],
    "solution": 1,
    "category": {
      "text": "IT-Systeme"
    }
  },
  {
    "id": 16,
    "question": "Wie ist die richtige Reihenfolge des TCP/IP-Modells?",
    "difficulty": 4,
    "answers": [
      "Transport, Anwendung, Internet, Netzwerkzugriff",
      "Anwendung, Netzwerkzugriff, Internet, Transport",
      "Anwendung, Transport, Internet, Netzwerkzugriff",
      "Transport, Netzwerkzugriff, Internet, Anwendung"
    ],
    "solution": 3,
    "category": {
      "text": "IT-Systeme"
    }
  },
  {
    "id": 17,
    "question": "Aus wie viel Bit besteht eine IPv6-Adresse?",
    "difficulty": 3,
    "answers": [
      "32",
      "64",
      "128",
      "256"
    ],
    "solution": 2,
    "category": {
      "text": "IT-Systeme"
    }
  },
  {
    "id": 18,
    "question": "Was bedeutet EVA?",
    "difficulty": 1,
    "answers": [
      "Einsatz - Verwendung - Ausarbeitung",
      "Eingabe - Verwertung - Ausgabe",
      "Einrichten - Verarbeiten - Ausrichten",
      "Eingabe - Verarbeitung - Ausgabe"
    ],
    "solution": 4,
    "category": {
      "text": "IT-Systeme"
    }
  },
  {
    "id": 19,
    "question": "Zu den Aufgaben eines Fachinformatikers der Fachrichtung Anwendungsentwicklung gehoert...",
    "difficulty": 1,
    "answers": [
      "das Programmieren und Entwickeln von Software",
      "der Bau technischer Anlagen",
      "das Verlegen von Glasfaserkabeln",
      "das Einrichten von Telefon- und Alarmanlagen"
    ],
    "solution": 1,
    "category": {
      "text": "IT-Systeme"
    }
  },
  {
    "id": 20,
    "question": "Welche Phase ist nicht Teil des Produktzyklus?",
    "difficulty": 2,
    "answers": [
      "Einfuehrungsphase",
      "Wachstumsphase",
      "Absatzphase",
      "Saettigungsphase"
    ],
    "solution": 3,
    "category": {
      "text": "WGP"
    }
  },
  {
    "id": 21,
    "question": "Lohnsteuerklasse 1 bezieht sich auf?",
    "difficulty": 1,
    "answers": [
      "Alleinstehende",
      "Alleinerziehende",
      "Verheiratete",
      "Lebensgemeinschaften"
    ],
    "solution": 1,
    "category": {
      "text": "WGP"
    }
  },
  {
    "id": 22,
    "question": "Welches Marketing Ziel ist kein Quantitaetsziel?",
    "difficulty": 3,
    "answers": [
      "Absatzsteigerung",
      "Umsatzsteigerung",
      "Imageverbesserung",
      "Marktstellungserhoehung"
    ],
    "solution": 3,
    "category": {
      "text": "WGP"
    }
  },
  {
    "id": 23,
    "question": "Was ist kein Vorteil von online Frageboegen?",
    "difficulty": 1,
    "answers": [
      "Sie sind guenstig",
      "Sie sind schnell",
      "Sie haben eine hohe Aussagekraft",
      "Sie sind nicht beeinflusst"
    ],
    "solution": 2,
    "category": {
      "text": "WGP"
    }
  },
  {
    "id": 24,
    "question": "Wofuer steht das erste \"A\" der AIDA Formel?",
    "difficulty": 2,
    "answers": [
      "Action",
      "Anchor",
      "Attention",
      "Administration"
    ],
    "solution": 3,
    "category": {
      "text": "WGP"
    }
  },
  {
    "id": 25,
    "question": "Was ist Absatzwerbung?",
    "difficulty": 1,
    "answers": [
      "Werbung ueber TV, Radio, Internet",
      "Außerstaedtische Werbung",
      "Werbung auf ueber Zeitschriften und Zeitung",
      "Werbung durch Plakate"
    ],
    "solution": 1,
    "category": {
      "text": "WGP"
    }
  },
  {
    "id": 26,
    "question": "Wofuer steht die Abkuerzung MbD?",
    "difficulty": 4,
    "answers": [
      "Management by Decision",
      "Marketing by Dicipline",
      "Marketing by Delegacy",
      "Management by Delegation"
    ],
    "solution": 4,
    "category": {
      "text": "WGP"
    }
  },
  {
    "id": 27,
    "question": "Was ist nicht Teil der Produktpolitik?",
    "difficulty": 3,
    "answers": [
      "Suche nach neuen Produktideen",
      "Entwicklungen und Markteinfuehrung",
      "Produktgestaltung",
      "Absatzwerbung"
    ],
    "solution": 4,
    "category": {
      "text": "WGP"
    }
  },
  {
    "id": 28,
    "question": "Was ist keine Strategie zur Preisbildung?",
    "difficulty": 3,
    "answers": [
      "Nachfrageorientierte Preisbildung",
      "Spekulative Preisbildung",
      "Kostenorientierte Preisbildung",
      "Konkurrenzorientierte Preisbildung"
    ],
    "solution": 2,
    "category": {
      "text": "WGP"
    }
  },
  {
    "id": 29,
    "question": "Wie ist das Vorrangmodell der Nachhaltigkeit aufgebaut (Klein nach groß)?",
    "difficulty": 3,
    "answers": [
      "oekologie - Wirtschaft - Soziales",
      "Soziales - Wirtschaft - oekologie",
      "Wirtschaft - Soziales - oekologie",
      "Wirtschaft - oekologie - Soziales"
    ],
    "solution": 3,
    "category": {
      "text": "WGP"
    }
  },
  {
    "id": 30,
    "question": "Das Drei-Saeulen-Modell beschaeftigt sich mit?",
    "difficulty": 4,
    "answers": [
      "Sozialem - oekologie - oekonomie",
      "Beschaffung - Marketing - Verkauf",
      "Einfuehrung - Wachstum - Saettigung",
      "Produkten - Distribution - Kommunikation"
    ],
    "solution": 1,
    "category": {
      "text": "WGP"
    }
  },
  {
    "id": 31,
    "question": "Mit welchem Befehl kann man einen neuen Branch erstellen?",
    "difficulty": 3,
    "answers": [
      "git checkout \u003cNAME\u003e",
      "git checkout -b \u003cNAME\u003e",
      "git branch \u003cNAME\u003e",
      "git setBranchName \u003cNAME\u003e"
    ],
    "solution": 2,
    "category": {
      "text": "Anwendungsentwicklung"
    }
  },
  {
    "id": 32,
    "question": "Mit welchem Befehl kann man alle Eintraege aus einer Datenbank auslesen?",
    "difficulty": 3,
    "answers": [
      "SELECT table GET *",
      "SELECT everything FROM table",
      "SELECT * FROM table",
      "SELECT * WHERE table LIKE"
    ],
    "solution": 3,
    "category": {
      "text": "Anwendungsentwicklung"
    }
  },
  {
    "id": 33,
    "question": "Wann wurde Java veroeffentlicht?",
    "difficulty": 3,
    "answers": [
      "23 Mai 1995",
      "23 August 1996",
      "23 Januar 2004",
      "23 Dezember 1945"
    ],
    "solution": 1,
    "category": {
      "text": "Anwendungsentwicklung"
    }
  },
  {
    "id": 34,
    "question": "Wie kennzeichnet man in Java eine Test Methode?",
    "difficulty": 5,
    "answers": [
      "@Test",
      "@TestMethod",
      "@UnitTest",
      "@SetTest"
    ],
    "solution": 1,
    "category": {
      "text": "Anwendungsentwicklung"
    }
  },
  {
    "id": 35,
    "question": "Was bewirkt @BeforeEach?",
    "difficulty": 5,
    "answers": [
      "Ruft die gekennzeichnete Methode nach jedem Test auf",
      "Ruft die gekennzeichnete Methode nach jeder Test Methode auf",
      "Ruft die gekennzeichnete Methode vor jedem Test auf",
      "Ruft die gekennzeichnete Methode vor jeder Test Methode auf"
    ],
    "solution": 4,
    "category": {
      "text": "Anwendungsentwicklung"
    }
  },
  {
    "id": 36,
    "question": "Welche Programmiersprache ist eine schwach typisierte Sprache?",
    "difficulty": 5,
    "answers": [
      "C++",
      "Java",
      "PHP",
      "C"
    ],
    "solution": 3,
    "category": {
      "text": "Anwendungsentwicklung"
    }
  },
  {
    "id": 37,
    "question": "Wie kann man in Java einen Output erzeugen?",
    "difficulty": 5,
    "answers": [
      "printf()",
      "System.out.println()",
      "cout()",
      "message()"
    ],
    "solution": 2,
    "category": {
      "text": "Anwendungsentwicklung"
    }
  },
  {
    "id": 38,
    "question": "Wie kann man in C++ einen Output erzeugen?",
    "difficulty": 5,
    "answers": [
      "printf()",
      "System.out.print()",
      "cout()",
      "message()"
    ],
    "solution": 3,
    "category": {
      "text": "Anwendungsentwicklung"
    }
  },
  {
    "id": 39,
    "question": "Von wem wurde C++ entwickelt?",
    "difficulty": 5,
    "answers": [
      "Patrick Naughton",
      "Rasmus Lerdorf",
      "Dennis Ritchie",
      "Bjarne Stroustrup"
    ],
    "solution": 4,
    "category": {
      "text": "Anwendungsentwicklung"
    }
  },
  {
    "id": 40,
    "question": "Welche Open Source Lizenz benoetigt keine Erwaehnung im Header?",
    "difficulty": 4,
    "answers": [
      "MIT",
      "Apache",
      "GPLV2",
      "BSDV2"
    ],
    "solution": 1,
    "category": {
      "text": "Anwendungsentwicklung"
    }
  },
  {
    "id": 41,
    "question": "Wofuer steht PHP?",
    "difficulty": 5,
    "answers": [
      "Personal Homepage Plugin",
      "Hypertext Preprocessor",
      "Personal Home Page Tool",
      "Hypertext Protocol"
    ],
    "solution": 2,
    "category": {
      "text": "Anwendungsentwicklung"
    }
  },
  {
    "id": 42,
    "question": "Von wem wurde PHP entwickelt?",
    "difficulty": 4,
    "answers": [
      "Patrick Naughton, Mike Sheridan, James Gosling und Bill Joy",
      "Dennis Ritchie",
      "Rasmus Lerdorf",
      "Bjarne Stroustrup"
    ],
    "solution": 3,
    "category": {
      "text": "Anwendungsentwicklung"
    }
  },
  {
    "id": 43,
    "question": "Wofuer steht HTTP?",
    "difficulty": 5,
    "answers": [
      "Hypertext Transfer Protocol",
      "Homepage Transport Protocol",
      "Hypertext Transport Paragraph",
      "Homepage Transfer Paragraph"
    ],
    "solution": 1,
    "category": {
      "text": "Anwendungsentwicklung"
    }
  },
  {
    "id": 44,
    "question": "Was ist Code?",
    "difficulty": 5,
    "answers": [
      "Eine Programmiersprache",
      "Eine Handlungsvorschrift",
      "Eine Abbildungsvorschrift",
      "Ein Editor"
    ],
    "solution": 3,
    "category": {
      "text": "Anwendungsentwicklung"
    }
  },
  {
    "id": 45,
    "question": "Wann wurde der ENIAC-Recher, der erste Computer erfunden?",
    "difficulty": 5,
    "answers": [
      "1942",
      "1955",
      "1995",
      "1899"
    ],
    "solution": 1,
    "category": {
      "text": "Anwendungsentwicklung"
    }
  },
  {
    "id": 46,
    "question": "Wie lange gilt das gesetzliche Rueckgaberecht?",
    "difficulty": 2,
    "answers": [
      "21 Tage",
      "30 Tage",
      "7 Tage",
      "14 Tage"
    ],
    "solution": 4,
    "category": {
      "text": "WGP"
    }
  },
  {
    "id": 47,
    "question": "Nach wie viel Monaten kehrt sich die Beweispflicht um?",
    "difficulty": 2,
    "answers": [
      "3 Monaten",
      "6 Monaten",
      "1 Monat",
      "12 Monaten"
    ],
    "solution": 2,
    "category": {
      "text": "WGP"
    }
  },
  {
    "id": 48,
    "question": "Was sind keine fixen Kosten eines Unternehmens?",
    "difficulty": 4,
    "answers": [
      "Miete",
      "Personal",
      "Strom",
      "Material"
    ],
    "solution": 4,
    "category": {
      "text": "WGP"
    }
  },
  {
    "id": 49,
    "question": "Wie viel Startkapital muss mindestens bei der Gruendung einer GmbH eingezahlt werden?",
    "difficulty": 4,
    "answers": [
      "12.000 Euro",
      "25.000 Euro",
      "5.000 Euro",
      "30.000 Euro"
    ],
    "solution": 2,
    "category": {
      "text": "WGP"
    }
  },
  {
    "id": 50,
    "question": "Wann wurde GitHub gegruendet?",
    "difficulty": 4,
    "answers": [
      "2010",
      "2008",
      "2005",
      "2000"
    ],
    "solution": 2,
    "category": {
      "text": "WGP"
    }
  }
]